{
  "accuracy": 0.006412650649945027,
  "top3_accuracy": 0.019232691366857273
}